gbif_scientificName,wiki_commonName
Chamaepetes goudotii,Sickle-winged Guan
Chamaepetes goudotii fagani,Sickle-winged Guan
Penelope montagnii,Andean Guan
Penelope ortoni,Baudo Guan
Penelope purpurascens,Crested Guan
Aburria aburri,Wattled Guan
Odontophorus erythrops,Rufous-fronted Wood Quail
Odontophorus melanonotus,Dark-backed Wood Quail
Galbula ruficauda,Rufous-tailed Jacamar
Malacoptila panamensis,White-whiskered Puffbird
Malacoptila panamensis poliopis,White-whiskered Puffbird
Nystalus radiatus,Barred Puffbird
Hapaloptila castanea,White-faced Nunbird
Micromonacha lanceolata,Lanceolated Monklet
Picumnus olivaceus,Olivaceous Piculet
Picumnus olivaceus harterti,Olivaceous Piculet
Dryocopus lineatus,Lineated Woodpecker
Dryocopus lineatus fuscipennis,Lineated Woodpecker
Melanerpes pucherani,Black-cheeked Woodpecker
Dryobates callonotus,Scarlet-backed Woodpecker
Veniliornis callonotus,Scarlet-backed Woodpecker
Dryobates kirkii,Red-rumped Woodpecker
Celeus loricatus,Cinnamon Woodpecker
Campephilus melanoleucos,Crimson-crested Woodpecker
Campephilus pollens,Powerful Woodpecker
Campephilus pollens pollens,Powerful Woodpecker
Campephilus gayaquilensis,Guayaquil Woodpecker
Campephilus haematogaster,Crimson-bellied Woodpecker
Campephilus haematogaster splendens,Crimson-bellied Woodpecker
Dryobates fumigatus,Smoky-brown Woodpecker
Leuconotopicus fumigatus,Smoky-brown Woodpecker
Leuconotopicus fumigatus fumigatus,Smoky-brown Woodpecker
Leuconotopicus fumigatus obscuratus,Smoky-brown Woodpecker
Colaptes rivolii,Crimson-mantled Woodpecker
Colaptes rubiginosus,Golden-olive Woodpecker
Colaptes rubiginosus rubripileus,Golden-olive Woodpecker
Ramphastos brevis,Choco Toucan
Ramphastos ambiguus,Yellow-throated Toucan
Ramphastos ambiguus swainsonii,Chestnut-mandibled Toucan
Pteroglossus torquatus,Collared Aracari
Pteroglossus torquatus erythropygius,Pale-mandibled Aracari
Pteroglossus erythropygius,Pale-mandibled Aracari
Andigena nigrirostris spilorhynchus,Black-billed Mountain Toucan
Andigena laminirostris,Plate-billed Mountain Toucan
Aulacorhynchus haematopygus,Crimson-rumped Toucanet
Aulacorhynchus haematopygus sexnotatus,Crimson-rumped Toucanet
Eubucco bourcierii,Red-headed Barbet
Eubucco bourcierii aequatorialis,Red-headed Barbet
Capito squamatus,Orange-fronted Barbet
Semnornis ramphastinus,Toucan Barbet
Semnornis ramphastinus ramphastinus,Toucan Barbet
Nothocercus julius,Tawny-breasted Tinamou
Crypturellus soui,Little Tinamou
Cyanolyca pulchra,Beautiful Jay
Cyanolyca turcosa,Turquoise Jay
Cyanolyca viridicyanus,White-collared Jay
Snowornis cryptolophus,Olivaceous Piha
Querula purpurata,Purple-throated Fruitcrow
Pachyramphus cinnamomeus,Cinnamon Becard
Pachyramphus cinnamomeus cinnamomeus,Cinnamon Becard
Pachyramphus versicolor,Barred Becard
Pachyramphus versicolor versicolor,Barred Becard
Pachyramphus albogriseus,Black-and-white Becard
Pachyramphus albogriseus guayaquilensis,Black-and-white Becard
Pachyramphus albogriseus salvini,Black-and-white Becard
Pachyramphus homochrous,One-colored Becard
Pachyramphus homochrous homochrous,One-colored Becard
Pachyramphus polychopterus,White-winged Becard
Pachyramphus polychopterus dorsalis,White-winged Becard
Pachyramphus salvini,Cryptic Becard
Ampelioides tschudii,Scaled Fruiteater
Rupicola peruvianus,Andean Cock-Of-The-Rock
Rupicola peruvianus sanguinolentus,Andean Cock-Of-The-Rock
Pipreola jucunda,Orange-breasted Fruiteater
Pipreola arcuata,Barred Fruiteater
Pipreola arcuata arcuata,Barred Fruiteater
Pipreola riefferii,Green-and-black Fruiteater
Pipreola riefferii occidentalis,Green-and-black Fruiteater
Ampelion rubrocristatus,Red-crested Cotinga
Schiffornis veraepacis,Northern Schiffornis
Tityra semifasciata,Masked Tityra
Tityra semifasciata nigriceps,Masked Tityra
Tityra inquisitor,Black-crowned Tityra
Carpodectes hopkei,Black-tipped Cotinga
Cephalopterus penduliger,Long-wattled Umbrellabird
Euphonia saturata,Orange-crowned Euphonia
Euphonia laniirostris,Thick-billed Euphonia
Euphonia xanthogaster,Orange-bellied Euphonia
Euphonia xanthogaster quitensis,Orange-bellied Euphonia
Chlorophonia cyanocephala,Golden-rumped Euphonia
Chlorophonia cyanocephala pelzelni,Golden-rumped Euphonia
Chlorophonia pyrrhophrys,Chestnut-breasted Chlorophonia
Chlorophonia flavirostris,Yellow-collared Chlorophonia
Chlorophonia cyanea,Blue-naped Chlorophonia
Spinus psaltria,Lesser Goldfinch
Spinus psaltria colombianus,Lesser Goldfinch
Spinus magellanicus,Hooded Siskin
Spinus xanthogastrus,Yellow-bellied Siskin
Spinus xanthogastrus xanthogastrus,Yellow-bellied Siskin
Synallaxis unirufa,Rufous Spinetail
Synallaxis brachyura,Slaty Spinetail
Synallaxis brachyura chapmani,Slaty Spinetail
Synallaxis brachyura nigrifumosa,Slaty Spinetail
Synallaxis azarae,Azara'S Spinetail
Sclerurus mexicanus obscurior,Tawny-throated Leaftosser
Sclerurus guatemalensis,Scaly-throated Leaftosser
Sclerurus obscurior,Dusky Leaftosser
Thripadectes ignobilis,Uniform Treehunter
Thripadectes virgaticeps,Streak-capped Treehunter
Thripadectes virgaticeps virgaticeps,Streak-capped Treehunter
Thripadectes holostictus,Striped Treehunter
Thripadectes holostictus striatidorsus,Striped Treehunter
Thripadectes flammulatus flammulatus,Flammulated Treehunter
Premnoplex brunnescens,Spotted Barbtail
Premnoplex brunnescens brunnescens,Spotted Barbtail
Cranioleuca erythrops,Red-faced Spinetail
Cranioleuca erythrops erythrops,Red-faced Spinetail
Glyphorynchus spirurus,Wedge-billed Woodcreeper
Glyphorynchus spirurus sublestus,Wedge-billed Woodcreeper
Syndactyla subalaris,Lineated Foliage-Gleaner
Syndactyla subalaris subalaris,Lineated Foliage-Gleaner
Xiphocolaptes promeropirhynchus,Strong-billed Woodcreeper
Automolus virgatus,Western Woodhaunter
Automolus virgatus assimilis,Western Woodhaunter
Xiphorhynchus erythropygius,Spotted Woodcreeper
Xiphorhynchus erythropygius aequatorialis,Spotted Woodcreeper
Xiphorhynchus lachrymosus,Black-striped Woodcreeper
Premnornis guttuliger,Rusty-winged Barbtail
Premnornis guttuliger guttuliger,Rusty-winged Barbtail
Pseudocolaptes boissonneautii,Streaked Tuftedcheek
Pseudocolaptes johnsoni,Pacific Tuftedcheek
Xenops rutilans,Streaked Xenops
Xenops minutus,Atlantic Plain Xenops
Anabacerthia variegaticeps,Scaly-throated Foliage-Gleaner
Anabacerthia variegaticeps temporalis,Scaly-throated Foliage-Gleaner
Dendroma rufa,Buff-fronted Foliage-Gleaner
Dendroma rufa riveti,Buff-fronted Foliage-Gleaner
Philydor rufum riveti,Buff-fronted Foliage-Gleaner
Philydor rufum,Buff-fronted Foliage-Gleaner
Clibanornis rubiginosus,Ruddy Foliage-Gleaner
Clibanornis rubiginosus nigricauda,Ruddy Foliage-Gleaner
Clibanornis rubiginosus rubiginosus,Ruddy Foliage-Gleaner
Dendrocolaptes sanctithomae,Northern Barred Woodcreeper
Furnarius cinnamomeus,Pacific Hornero
Margarornis squamiger,Pearled Treerunner
Campylorhamphus pusillus,Brown-billed Scythebill
Dendrocincla fuliginosa,Plain-brown Woodcreeper
Dendrocincla fuliginosa ridgwayi,Plain-brown Woodcreeper
Dendrocincla tyrannina,Tyrannine Woodcreeper
Dendrocincla tyrannina tyrannina,Tyrannine Woodcreeper
Lepidocolaptes lacrymiger,Montane Woodcreeper
Lepidocolaptes lacrymiger aequatorialis,Montane Woodcreeper
Lepidocolaptes souleyetii,Streak-headed Woodcreeper
Lepidocolaptes souleyetii esmeraldae,Streak-headed Woodcreeper
Lepidocolaptes affinis,Spot-crowned Woodcreeper
Progne chalybea,Grey-breasted Martin
Riparia riparia,Sand Martin
Petrochelidon pyrrhonota,Cliff Swallow
Orochelidon murina,Brown-bellied Swallow
Pygochelidon cyanoleuca,Blue-and-white Swallow
Pygochelidon cyanoleuca cyanoleuca,Blue-and-white Swallow
Notiochelidon cyanoleuca cyanoleuca,Blue-and-white Swallow
Stelgidopteryx ruficollis,Southern Rough-Winged Swallow
Stelgidopteryx ruficollis uropygialis,Southern Rough-Winged Swallow
Atticora tibialis,White-thighed Swallow
Hirundo rustica,Barn Swallow
Mniotilta varia,Black-and-white Warbler
Cardellina canadensis,Canada Warbler
Geothlypis semiflava,Olive-crowned Yellowthroat
Geothlypis semiflava semiflava,Olive-crowned Yellowthroat
Geothlypis philadelphia,Mourning Warbler
Geothlypis auricularis,Black-lored Yellowthroat
Basileuterus tristriatus,Three-striped Warbler
Basileuterus tristriatus daedalus,Three-striped Warbler
Myioborus melanocephalus,Spectacled Whitestart
Myioborus miniatus,Slate-throated Whitestart
Myioborus miniatus ballux,Slate-throated Whitestart
Protonotaria citrea,Prothonotary Warbler
Setophaga ruticilla,American Redstart
Setophaga virens,Black-throated Green Warbler
Setophaga striata,Blackpoll Warbler
Setophaga pensylvanica,Chestnut-sided Warbler
Setophaga fusca,Blackburnian Warbler
Setophaga castanea,Bay-breasted Warbler
Setophaga cerulea,Cerulean Warbler
Setophaga petechia,Yellow Warbler
Setophaga pitiayumi,Tropical Parula
Setophaga pitiayumi pacifica,Tropical Parula
Vermivora chrysoptera,Golden-winged Warbler
Parkesia noveboracensis,Northern Waterthrush
Myiothlypis fulvicauda,Buff-rumped Warbler
Myiothlypis chlorophrys,Choco Warbler
Myiothlypis coronata,Russet-crowned Warbler
Myiothlypis nigrocristata,Black-crested Warbler
Leiothlypis peregrina,Tennessee Warbler
Passer domesticus,House Sparrow
Manacus manacus,White-bearded Manakin
Masius chrysopterus,Golden-winged Manakin
Masius chrysopterus coronulatus,Golden-winged Manakin
Machaeropterus regulus striolatus,Kinglet Manakin
Machaeropterus deliciosus,Club-winged Manakin
Myornis senilis,Ash-colored Tapaculo
Acropternis orthonyx,Ocellated Tapaculo
Scytalopus spillmanni,Spillmann'S Tapaculo
Scytalopus vicinior,Nari침o Tapaculo
Scytalopus latrans,Blackish Tapaculo
Gymnopithys bicolor,Bicolored Antbird
Euchrepomis callinota,Rufous-rumped Antwren
Euchrepomis callinota callinota,Rufous-rumped Antwren
Terenura callinota callinota,Rufous-rumped Antwren
Dysithamnus puncticeps,Spot-crowned Antvireo
Dysithamnus mentalis,Plain Antvireo
Dysithamnus mentalis aequatorialis,Plain Antvireo
Thamnistes anabatinus,Russet Antshrike
Drymophila striaticeps,Streak-headed Antbird
Cercomacroides tyrannina,Dusky Antbird
Myrmeciza immaculata,Blue-lored Antbird
Poliocrania exsul,Chestnut-backed Antbird
Poliocrania exsul maculifer,Chestnut-backed Antbird
Hafferia zeledoni berlepschi,Zeledon'S Antbird
Myrmotherula pacifica,Pacific Antwren
Myrmotherula axillaris,White-flanked Antwren
Myrmotherula schisticolor,Slaty Antwren
Myrmotherula schisticolor schisticolor,Slaty Antwren
Taraba major,Great Antshrike
Taraba major transandeanus,Great Antshrike
Microrhopias quixensis,Dot-winged Antwren
Sipia nigricauda,Esmeraldas Antbird
Thamnophilus atrinucha,Black-crowned Antshrike
Thamnophilus unicolor,Uniform Antshrike
Thamnophilus unicolor unicolor,Uniform Antshrike
Epinecrophylla fulviventris,Checker-throated Stipplethroat
Hafferia zeledoni,Zeledon'S Antbird
Entomodestes coracinus,Black Solitaire
Turdus fuscater,Great Thrush
Turdus obsoletus,Pale-vented Thrush
Turdus maculirostris,Ecuadorian Thrush
Turdus serranus,Glossy-black Thrush
Turdus serranus fuscobrunneus,Glossy-black Thrush
Turdus leucops,Pale-eyed Thrush
Turdus daguae,Dagua Thrush
Turdus assimilis,White-throated Thrush
Catharus fuscater,Slaty-backed Nightingale-Thrush
Catharus maculatus,Speckled Nightingale-Thrush
Catharus maculatus maculatus,Speckled Nightingale-Thrush
Catharus ustulatus,Swainson'S Thrush
Catharus ustulatus swainsoni,Swainson'S Thrush
Myadestes ralloides,Andean Solitaire
Myadestes ralloides plumbeiceps,Andean Solitaire
Anairetes parulus,Tufted Tit-Tyrant
Leptopogon superciliaris,Slaty-capped Flycatcher
Leptopogon superciliaris superciliaris,Slaty-capped Flycatcher
Leptopogon superciliaris transandinus,Slaty-capped Flycatcher
Empidonax traillii,Willow Flycatcher
Empidonax virescens,Acadian Flycatcher
Mionectes striaticollis,Streak-necked Flycatcher
Mionectes oleagineus,Ochre-bellied Flycatcher
Mionectes olivaceus hederaceus,Olive-streaked Flycatcher
Mionectes olivaceus,Olive-streaked Flycatcher
Mionectes galbinus,Olive-striped Flycatcher
Mionectes galbinus hederaceus,Olive-striped Flycatcher
Fluvicola nengeta,Masked Water Tyrant
Fluvicola nengeta atripennis,Masked Water Tyrant
Myiornis atricapillus,Black-capped Pygmy Tyrant
Tolmomyias flavotectus,Yellow-winged Flatbill
Myiozetetes similis,Social Flycatcher
Myiozetetes cayanensis,Rusty-margined Flycatcher
Myiozetetes cayanensis hellmayri,Rusty-margined Flycatcher
Myiozetetes granadensis,Grey-capped Flycatcher
Legatus leucophaius,Piratic Flycatcher
Myiopagis viridicata,Greenish Elaenia
Knipolegus poecilurus,Rufous-tailed Tyrant
Platyrinchus mystaceus,White-throated Spadebill
Platyrinchus mystaceus albogularis,White-throated Spadebill
Elaenia flavogaster,Yellow-bellied Elaenia
Elaenia flavogaster semipagana,Yellow-bellied Elaenia
Elaenia albiceps,White-crested Elaenia
Elaenia brachyptera,Coopmans'S Elaenia
Elaenia pallatangae,Sierran Elaenia
Ochthoeca cinnamomeiventris,Slaty-backed Chat-Tyrant
Silvicultrix diadema,Yellow-bellied Chat-Tyrant
Ochthoeca frontalis,Crowned Chat-Tyrant
Pogonotriccus ophthalmicus,Marble-faced Bristle Tyrant
Pogonotriccus ophthalmicus ophthalmicus,Marble-faced Bristle Tyrant
Todirostrum nigriceps,Black-headed Tody-Flycatcher
Todirostrum cinereum,Common Tody-Flycatcher
Todirostrum cinereum sclateri,Common Tody-Flycatcher
Myiobius villosus,Tawny-breasted Myiobius
Myiobius villosus villosus,Tawny-breasted Myiobius
Myiobius sulphureipygius,Sulphur-rumped Myiobius
Myiotheretes striaticollis,Streak-throated Bush Tyrant
Myiotheretes fumigatus,Smoky Bush Tyrant
Tyrannus melancholicus,Tropical Kingbird
Tyrannus melancholicus melancholicus,Tropical Kingbird
Tyrannus niveigularis,Snowy-throated Kingbird
Tyrannus tyrannus,Eastern Kingbird
Tyrannus savana,Fork-tailed Flycatcher
Ornithion brunneicapillus,Brown-capped Tyrannulet
Lophotriccus pileatus,Scale-crested Pygmy Tyrant
Lophotriccus pileatus squamaecrista,Scale-crested Pygmy Tyrant
Lophotriccus pileatus luteiventris,Scale-crested Pygmy Tyrant
Megarynchus pitangua,Boat-billed Flycatcher
Rhynchocyclus pacificus,Pacific Flatbill
Rhynchocyclus fulvipectus,Fulvous-breasted Flatbill
Myiodynastes hemichrysus,Golden-bellied Flycatcher
Myiodynastes hemichrysus minor,Golden-bellied Flycatcher
Myiodynastes chrysocephalus,Golden-crowned Flycatcher
Myiodynastes chrysocephalus minor,Golden-crowned Flycatcher
Myiodynastes maculatus,Streaked Flycatcher
Camptostoma obsoletum,Southern Beardless Tyrannulet
Camptostoma obsoletum sclateri,Southern Beardless Tyrannulet
Myiarchus tuberculifer,Dusky-capped Flycatcher
Myiarchus tuberculifer nigriceps,Dusky-capped Flycatcher
Sayornis nigricans,Black Phoebe
Sayornis nigricans angustirostris,Black Phoebe
Attila spadiceus,Bright-rumped Attila
Attila spadiceus parambae,Bright-rumped Attila
Pyrocephalus rubinus,Scarlet Flycatcher
Myiotriccus ornatus,Ornate Flycatcher
Myiotriccus ornatus stellatus,Ornate Flycatcher
Rhytipterna holerythra,Rufous Mourner
Contopus virens,Eastern Wood Pewee
Contopus cooperi,Olive-sided Flycatcher
Contopus sordidulus,Western Wood Pewee
Contopus fumigatus,Smoke-colored Pewee
Contopus fumigatus zarumae,Smoke-colored Pewee
Lathrotriccus griseipectus,Grey-breasted Flycatcher
Pseudotriccus pelzelni,Bronze-olive Pygmy Tyrant
Pseudotriccus pelzelni annectens,Bronze-olive Pygmy Tyrant
Pseudotriccus ruficeps,Rufous-headed Pygmy Tyrant
Mecocerculus leucophrys,White-throated Tyrannulet
Mecocerculus poecilocercus,White-tailed Tyrannulet
Mecocerculus calopterus,Rufous-winged Tyrannulet
Capsiempis flaveola,Yellow Tyrannulet
Capsiempis flaveola magnirostris,Yellow Tyrannulet
Tyrannulus elatus,Yellow-crowned Tyrannulet
Poecilotriccus ruficeps,Rufous-crowned Tody-Flycatcher
Poecilotriccus ruficeps rufigenis,Rufous-crowned Tody-Flycatcher
Pyrrhomyias cinnamomeus,Cinnamon Flycatcher
Pyrrhomyias cinnamomeus pyrrhopterus,Cinnamon Flycatcher
Zimmerius viridiflavus,Peruvian Tyrannulet
Zimmerius albigularis,Choco Tyrannulet
Zimmerius chrysops,Golden-faced Tyrannulet
Serpophaga cinerea,Torrent Tyrannulet
Serpophaga cinerea cinerea,Torrent Tyrannulet
Colonia colonus,Long-tailed Tyrant
Phyllomyias griseiceps,Sooty-headed Tyrannulet
Phyllomyias nigrocapillus,Black-capped Tyrannulet
Phyllomyias cinereiceps,Ashy-headed Tyrannulet
Phyllomyias uropygialis,Tawny-rumped Tyrannulet
Phyllomyias zeledoni,White-fronted Tyrannulet
Nephelomyias pulcher,Handsome Flycatcher
Nephelomyias pulcher pulcher,Handsome Flycatcher
Myiophobus flavicans,Flavescent Flycatcher
Myiophobus flavicans flavicans,Flavescent Flycatcher
Myiophobus phoenicomitra,Orange-crested Flycatcher
Myiophobus phoenicomitra litae,Orange-crested Flycatcher
Myiophobus crypterythrus,Mouse-gray Flycatcher
Myiophobus fasciatus,Bran-colored Flycatcher
Myiophobus fasciatus crypterythrus,Bran-colored Flycatcher
Lonchura malacca,Tricoloured Munia
Cacicus uropygialis,Subtropical Cacique
Cacicus microrhynchus,Scarlet-rumped Cacique
Cacicus cela,Yellow-rumped Cacique
Psarocolius angustifrons,Russet-backed Oropendola
Psarocolius angustifrons atrocastaneus,Russet-backed Oropendola
Leistes militaris,Red-breasted Meadowlark
Icterus mesomelas,Yellow-tailed Oriole
Molothrus oryzivorus,Giant Cowbird
Scaphidura oryzivora,Giant Cowbird
Molothrus bonariensis,Shiny Cowbird
Amblycercus holosericeus,Yellow-billed Cacique
Dives warczewiczi,Scrub Blackbird
Dives warczewiczi warczewiczi,Scrub Blackbird
Piranga rubra,Summer Tanager
Piranga leucoptera,White-winged Tanager
Piranga leucoptera ardens,White-winged Tanager
Piranga flava,Red Tanager
Piranga olivacea,Scarlet Tanager
Chlorothraupis stolzmanni,Ochre-breasted Tanager
Chlorothraupis stolzmanni stolzmanni,Ochre-breasted Tanager
Cyanoloxia cyanoides,Blue-black Grosbeak
Pheucticus chrysogaster,Golden Grosbeak
Pheucticus chrysogaster chrysogaster,Golden Grosbeak
Pheucticus ludovicianus,Rose-breasted Grosbeak
Amaurospiza moesta,Blackish-blue Seedeater
Amaurospiza aequatorialis,Ecuadorian Seedeater
Cinclus leucocephalus,White-capped Dipper
Cinclus leucocephalus leuconotus,White-capped Dipper
Formicarius nigricapillus,Black-headed Antthrush
Formicarius rufipectus,Rufous-breasted Antthrush
Formicarius rufipectus carrikeri,Rufous-breasted Antthrush
Mimus gilvus,Tropical Mockingbird
Anisognathus notabilis,Black-chinned Mountain Tanager
Anisognathus igniventris,Scarlet-bellied Mountain Tanager
Anisognathus somptuosus,Blue-winged Mountain Tanager
Anisognathus flavinucha,Blue-winged Mountain Tanager
Anisognathus somptuosus cyanopterus,Blue-winged Mountain Tanager
Tangara labradorides,Metallic-green Tanager
Tangara labradorides labradorides,Metallic-green Tanager
Tangara nigroviridis,Beryl-spangled Tanager
Tangara nigroviridis cyanescens,Beryl-spangled Tanager
Tangara gyrola,Bay-headed Tanager
Tangara gyrola nupera,Bay-headed Tanager
Tangara johannae,Blue-whiskered Tanager
Tangara vassorii,Blue-and-black Tanager
Tangara arthus,Golden Tanager
Tangara arthus goodsoni,Golden Tanager
Tangara florida,Emerald Tanager
Tangara parzudakii,Flame-faced Tanager
Tangara parzudakii lunigera,Flame-faced Tanager
Tangara lavinia,Rufous-winged Tanager
Tangara icterocephala,Silver-throated Tanager
Tangara icterocephala icterocephala,Silver-throated Tanager
Tangara xanthocephala,Saffron-crowned Tanager
Heterospingus xanthopygius,Scarlet-browed Tanager
Chlorochrysa phoenicotis,Glistening-green Tanager
Buthraupis montana,Hooded Mountain Tanager
Bangsia edwardsi,Moss-backed Tanager
Dacnis cayana,Blue Dacnis
Dacnis lineata,Black-faced Dacnis
Dacnis egregia,Yellow-tufted Dacnis
Dacnis lineata aequatorialis,Black-faced Dacnis
Dacnis egregia aequatorialis,Yellow-tufted Dacnis
Ramphocelus flammigerus,Flame-rumped Tanager
Ramphocelus icteronotus,Lemon-rumped Tanager
Ramphocelus flammigerus icteronotus,Flame-rumped Tanager
Tersina viridis,Swallow Tanager
Tersina viridis occidentalis,Swallow Tanager
Tachyphonus rufus,White-lined Tanager
Tachyphonus delatrii,Tawny-crested Tanager
Thraupis episcopus,Blue-gray Tanager
Thraupis episcopus quaesita,Blue-gray Tanager
Tangara episcopus,Blue-gray Tanager
Thraupis palmarum,Palm Tanager
Thraupis palmarum violilavata,Palm Tanager
Tangara palmarum,Palm Tanager
Iridosornis rufivertex,Golden-crowned Tanager
Iridosornis porphyrocephalus,Purplish-mantled Tanager
Iridophanes pulcherrimus,Golden-collared Honeycreeper
Thlypopsis ornata,Rufous-chested Tanager
Hemispingus superciliaris,Superciliaried Hemispingus
Chlorophanes spiza,Green Honeycreeper
Pipraeidea melanonota,Fawn-breasted Tanager
Pipraeidea melanonota venezuelensis,Fawn-breasted Tanager
Diglossa albilatera,White-sided Flowerpiercer
Diglossa albilatera albilatera,White-sided Flowerpiercer
Diglossa sittoides,Rusty Flowerpiercer
Diglossa cyanea,Masked Flowerpiercer
Cyanerpes caeruleus,Purple Honeycreeper
Catamblyrhynchus diadema,Plushcap
Catamenia analis,Band-tailed Seedeater
Haplospiza rustica,Slaty Finch
Sporophila luctuosa,Black-and-white Seedeater
Sporophila schistacea,Slate-coloured Seedeater
Sporophila nigricollis,Yellow-bellied Seedeater
Sporophila nigricollis olivacea,Yellow-bellied Seedeater
Sporophila nigricollis vivida,Yellow-bellied Seedeater
Sporophila telasco,Chestnut-throated Seedeater
Sporophila corvina,Variable Seedeater
Sporophila corvina ophthalmica,Variable Seedeater
Sporophila funerea,Thick-billed Seed Finch
Volatinia jacarina,Blue-black Grassquit
Volatinia jacarina peruviensis,Blue-black Grassquit
Tiaris olivaceus,Yellow-faced Grassquit
Tiaris olivaceus pusillus,Yellow-faced Grassquit
Rhopospina alaudina,Band-tailed Sierra Finch
Sicalis luteola,Grassland Yellow Finch
Sicalis flaveola,Saffron Finch
Rhodospingus cruentus,Crimson-breasted Finch
Paroaria coronata,Red-crested Cardinal
Coereba flaveola,Bananaquit
Coereba flaveola intermedia,Bananaquit
Hemithraupis guira,Guira Tanager
Chalcothraupis ruficervix,Golden-naped Tanager
Rauenia bonariensis,Blue-and-yellow Tanager
Sporathraupis cyanocephala,Blue-capped Tanager
Geospizopsis plebejus,Ash-breasted Sierra Finch
Sphenopsis frontalis,Oleaginous Hemispingus
Sphenopsis melanotis,Black-eared Hemispingus
Sphenopsis ochracea,Western Hemispingus
Ixothraupis rufigula,Rufous-throated Tanager
Tangara rufigula,Rufous-throated Tanager
Loriotus luctuosus,White-shouldered Tanager
Chlorornis riefferii,Grass-green Tanager
Saltator striatipectus,Streaked Saltator
Saltator maximus,Buff-throated Saltator
Saltator maximus maximus,Buff-throated Saltator
Saltator atripennis,Black-winged Saltator
Saltator grossus,Slate-coloured Grosbeak
Asemospiza obscura,Dull-coloured Grassquit
Asemospiza obscura pauper,Dull-coloured Grassquit
Poecilostreptus palmeri,Grey-and-gold Tanager
Stilpnia heinei,Black-capped Tanager
Stilpnia larvata,Golden-hooded Tanager
Stilpnia cyanicollis,Blue-necked Tanager
Stilpnia cyanicollis cyanopygia,Blue-necked Tanager
Tangara cyanicollis,Blue-necked Tanager
Stilpnia vitriolina,Scrub Tanager
Conirostrum cinereum,Cinereous Conebill
Conirostrum albifrons,Capped Conebill
Cinnycerthia unirufa,Rufous Wren
Cinnycerthia olivascens,Sepia-brown Wren
Troglodytes solstitialis,Mountain Wren
Troglodytes aedon,Northern House Wren
Troglodytes aedon albicans,Northern House Wren
Troglodytes musculus,Southern House Wren
Campylorhynchus zonatus,Band-backed Wren
Campylorhynchus zonatus brevirostris,Band-backed Wren
Henicorhina leucophrys,Grey-breasted Wood Wren
Henicorhina leucophrys brunneiceps,Grey-breasted Wood Wren
Henicorhina leucophrys hilaris,Grey-breasted Wood Wren
Henicorhina leucophrys leucophrys,Grey-breasted Wood Wren
Cantorchilus nigricapillus,Bay Wren
Cantorchilus nigricapillus nigricapillus,Bay Wren
Thryothorus nigricapillus,Bay Wren
Pheugopedius mystacalis,Whiskered Wren
Pheugopedius mystacalis mystacalis,Whiskered Wren
Pheugopedius euophrys,Plain-tailed Wren
Microcerculus marginatus,Southern Nightingale-Wren
Microcerculus marginatus taeniatus,Southern Nightingale-Wren
Cyclarhis gujanensis,Rufous-browed Peppershrike
Cyclarhis nigrirostris,Black-billed Peppershrike
Vireo flavoviridis,Yellow-green Vireo
Vireo chivi,Chivi Vireo
Vireo olivaceus,Red-eyed Vireo
Vireo chivi griseobarbatus,Chivi Vireo
Vireo olivaceus griseobarbatus,Red-eyed Vireo
Vireo masteri,Choc칩 Vireo
Vireo leucophrys,Brown-capped Vireo
Vireo leucophrys josephae,Brown-capped Vireo
Vireo flavifrons,Yellow-throated Vireo
Vireolanius leucotis,Slaty-capped Shrike-Vireo
Pachysylvia decurtata,Lesser Greenlet
Tunchiornis ochraceiceps,Tawny-crowned Greenlet
Microbates cinereiventris,Tawny-faced Gnatwren
Polioptila bilineata,White-browed Gnatcatcher
Polioptila bilineata bilineata,White-browed Gnatcatcher
Grallaricula flavirostris,Ochre-breasted Antpitta
Grallaricula flavirostris mindoensis,Ochre-breasted Antpitta
Grallaria gigantea,Giant Antpitta
Grallaria gigantea hylodroma,Giant Antpitta
Grallaria haplonota,Plain-backed Antpitta
Grallaria alleni,Moustached Antpitta
Grallaria ruficapilla,Chestnut-crowned Antpitta
Grallaria flavotincta,Yellow-breasted Antpitta
Grallaria guatimalensis,Scaled Antpitta
Grallaria guatimalensis regulus,Scaled Antpitta
Grallaria quitensis,Tawny Antpitta
Mitrospingus cassinii,Dusky-faced Tanager
Chlorospingus flavigularis,Yellow-throated Chlorospingus
Chlorospingus flavigularis marginatus,Yellow-throated Chlorospingus
Chlorospingus semifuscus,Dusky Chlorospingus
Chlorospingus semifuscus semifuscus,Dusky Chlorospingus
Chlorospingus canigularis,Ashy-throated Chlorospingus
Chlorospingus canigularis conspicillatus,Ashy-throated Chlorospingus
Arremonops conirostris,Black-striped Sparrow
Arremonops conirostris striaticeps,Black-striped Sparrow
Atlapetes tricolor,Tricolored Brushfinch
Atlapetes tricolor crassus,Tricolored Brushfinch
Atlapetes crassus,Choco Brushfinch
Atlapetes latinuchus,Yellow-breasted Brushfinch
Atlapetes leucopterus,White-winged Brushfinch
Arremon aurantiirostris,Orange-billed Sparrow
Arremon aurantiirostris occidentalis,Orange-billed Sparrow
Arremon castaneiceps,Olive Finch
Arremon assimilis assimilis,Grey-browed Brushfinch
Arremon brunneinucha,Chestnut-capped Brushfinch
Arremon brunneinucha frontalis,Chestnut-capped Brushfinch
Oreothraupis arremonops,Tanager Finch
Zonotrichia capensis,Rufous-collared Sparrow
Zonotrichia capensis costaricensis,Rufous-collared Sparrow
Mycteria americana,Wood Stork
Sarkidiornis sylvicola,Comb Duck
Anas georgica,Yellow-billed Pintail
Anas platyrhynchos,Mallard
Merganetta armata,Torrent Duck
Cairina moschata,Muscovy Duck
Spatula discors,Blue-winged Teal
Ara severus,Chestnut-fronted Macaw
Forpus coelestis,Pacific Parrotlet
Psittacara erythrogenys,Red-masked Parakeet
Amazona farinosa,Mealy Amazon
Amazona autumnalis,Red-lored Amazon
Amazona mercenaria,Scaly-naped Amazon
Pyrrhura melanura,Maroon-tailed Parakeet
Pyrrhura melanura pacifica,Maroon-tailed Parakeet
Pionus chalcopterus,Bronze-winged Parrot
Pionus menstruus,Blue-headed Parrot
Pionus tumultuosus,Plum-crowned Parrot
Pionus seniloides,White-capped Parrot
Pionus sordidus,Red-billed Parrot
Pionus sordidus corallinus,Red-billed Parrot
Pionus sordidus mindoensis,Red-billed Parrot
Pyrilia pulchra,Rose-faced Parrot
Touit dilectissimus,Blue-fronted Parrotlet
Bolborhynchus lineola,Barred Parakeet
Patagioenas fasciata,Band-tailed Pigeon
Patagioenas cayennensis,Pale-vented Pigeon
Patagioenas plumbea,Plumbeous Pigeon
Patagioenas plumbea chapmani,Plumbeous Pigeon
Patagioenas subvinacea,Ruddy Pigeon
Patagioenas subvinacea berlepschi,Ruddy Pigeon
Patagioenas goodsoni,Dusky Pigeon
Zenaida auriculata,Eared Dove
Columba livia,Rock Dove
Columbina minuta,Plain-breasted Ground Dove
Columbina passerina,Common Ground Dove
Columbina cruziana,Croaking Ground Dove
Columbina buckleyi,Ecuadorian Ground Dove
Paraclaravis mondetoura,Maroon-chested Ground Dove
Claravis pretiosa,Blue Ground Dove
Leptotila verreauxi,White-tipped Dove
Leptotila pallida,Pallid Dove
Geotrygon montana,Ruddy Quail-Dove
Geotrygon purpurata,Purple Quail-Dove
Zentrygon frenata,White-throated Quail-Dove
Zentrygon frenata bourcieri,White-throated Quail-Dove
Geotrygon frenata bourcieri,White-throated Quail-Dove
Megaceryle torquata,Ringed Kingfisher
Megaceryle torquata torquata,Ringed Kingfisher
Chloroceryle americana,Green Kingfisher
Chloroceryle inda,Green-and-rufous Kingfisher
Baryphthengus martii,Rufous Motmot
Baryphthengus martii semirufus,Rufous Motmot
Baryphthengus martii martii,Rufous Motmot
Momotus subrufescens argenticinctus,Whooping Motmot
Electron platyrhynchum,Broad-billed Motmot
Electron platyrhynchum platyrhynchum,Broad-billed Motmot
Streptoprocne rutila,Chestnut-collared Swift
Streptoprocne zonaris,White-collared Swift
Streptoprocne zonaris subtropicalis,White-collared Swift
Aeronautes montivagus,White-tipped Swift
Panyptila cayennensis,Lesser Swallow-Tailed Swift
Chaetura cinereiventris,Grey-rumped Swift
Chaetura spinicaudus,Band-rumped Swift
Cypseloides cryptus,White-chinned Swift
Cypseloides cherriei,Spot-fronted Swift
Cypseloides lemosi,White-chested Swift
Ramphomicron microrhynchum,Purple-backed Thornbill
Chlorostilbon gibsoni,Red-billed Emerald
Chlorostilbon mellisugus,Blue-tailed Emerald
Chlorostilbon melanorhynchus,Western Emerald
Myrtis fanny,Purple-collared Woodstar
Adelomyia melanogenys,Speckled Hummingbird
Florisuga mellivora,White-necked Jacobin
Florisuga mellivora mellivora,White-necked Jacobin
Schistes geoffroyi,Geoffroy'S Daggerbill
Schistes albogularis,White-throated Daggerbill
Schistes geoffroyi albogularis,Geoffroy'S Daggerbill
Threnetes ruckeri,Band-tailed Barbthroat
Heliothryx barroti,Purple-crowned Fairy
Urosticte benjamini,Purple-bibbed Whitetip
Urosticte benjamini benjamini,Purple-bibbed Whitetip
Lesbia nuna,Green-tailed Trainbearer
Lesbia victoriae,Black-tailed Trainbearer
Haplophaedia lugens,Hoary Puffleg
Ocreatus underwoodii,White-booted Racket-Tail
Ocreatus underwoodii melanantherus,White-booted Racket-Tail
Philodice mitchellii,Purple-throated Woodstar
Calliphlox mitchellii,Purple-throated Woodstar
Calliphlox amethystina,Amethyst Woodstar
Eutoxeres aquila,White-tipped Sicklebill
Aglaiocercus coelestis,Violet-tailed Sylph
Aglaiocercus coelestis coelestis,Violet-tailed Sylph
Aglaiocercus kingii,Long-tailed Sylph
Amazilia tzacatl,Rufous-tailed Hummingbird
Amazilia tzacatl jucunda,Rufous-tailed Hummingbird
Thalurania colombica,Crowned Woodnymph
Thalurania colombica verticeps,Crowned Woodnymph
Thalurania colombica fannyae,Crowned Woodnymph
Thalurania furcata,Fork-tailed Woodnymph
Phaethornis longuemareus,Little Hermit
Phaethornis yaruqui,White-whiskered Hermit
Phaethornis syrmatophorus,Tawny-bellied Hermit
Phaethornis syrmatophorus syrmatophorus,Tawny-bellied Hermit
Phaethornis striigularis,Stripe-throated Hermit
Phaethornis atrimentalis,Black-throated Hermit
Eriocnemis nigrivestis,Black-breasted Puffleg
Heliangelus strophianus,Gorgeted Sunangel
Anthracothorax nigricollis,Black-throated Mango
Boissonneaua jardini,Velvet-purple Coronet
Boissonneaua flavescens,Buff-tailed Coronet
Boissonneaua flavescens tinochlora,Buff-tailed Coronet
Metallura tyrianthina,Tyrian Metaltail
Urochroa bougueri,Rufous-gaped Hillstar
Discosura conversii,Green Thorntail
Chaetocercus bombus,Little Woodstar
Chaetocercus mulsant,White-bellied Woodstar
Heliodoxa rubinoides,Fawn-breasted Brilliant
Heliodoxa rubinoides aequatorialis,Fawn-breasted Brilliant
Heliodoxa jacula,Green-crowned Brilliant
Heliodoxa jacula jamesoni,Green-crowned Brilliant
Heliodoxa jacula jamersoni,Green-crowned Brilliant
Heliodoxa imperatrix,Empress Brilliant
Patagona gigas,Southern Giant Hummingbird
Doryfera ludovicae,Green-fronted Lancebill
Doryfera ludovicae ludovicae,Green-fronted Lancebill
Heliomaster longirostris,Long-billed Starthroat
Coeligena lutetiae,Buff-winged Starfrontlet
Coeligena wilsoni,Brown Inca
Coeligena torquata,Collared Inca
Coeligena coeligena,Bronzy Inca
Amazilis amazilia,Amazilia Hummingbird
Polyerata rosenbergi,Purple-chested Hummingbird
Uranomitra franciae,Andean Emerald
Uranomitra franciae viridiceps,Andean Emerald
Amazilia franciae viridiceps,Andean Emerald
Amazilia franciae,Andean Emerald
Colibri coruscans,Sparkling Violetear
Colibri coruscans coruscans,Sparkling Violetear
Colibri delphinae,Brown Violetear
Colibri cyanotus,Lesser Violetear
Colibri cyanotus cyanotus,Lesser Violetear
Chlorestes julie,Violet-bellied Hummingbird
Trogon comptus,Choc칩 Trogon
Trogon personatus,Masked Trogon
Trogon personatus assimilis,Masked Trogon
Trogon cupreicauda,Choco Black-Throated Trogon
Trogon collaris,Collared Trogon
Trogon caligatus,Gartered Trogon
Trogon chionurus,White-tailed Trogon
Pharomachrus antisianus,Crested Quetzal
Pharomachrus auriceps,Golden-headed Quetzal
Pharomachrus auriceps auriceps,Golden-headed Quetzal
Tyto alba,Western Barn Owl
Tyto furcata,American Barn Owl
Glaucidium nubicola,Cloud-forest Pygmy Owl
Glaucidium jardinii,Andean Pygmy Owl
Megascops ingens,Rufescent Screech Owl
Megascops ingens colombianus,Rufescent Screech Owl
Megascops colombianus,Rufescent Screech Owl
Megascops centralis,Choc칩 Screech Owl
Strix virgata,Mottled Owl
Strix virgata virgata,Mottled Owl
Strix albitarsis,Rufous-banded Owl
Strix nigrolineata,Black-and-white Owl
Lophostrix cristata,Crested Owl
Pulsatrix perspicillata,Spectacled Owl
Bubo virginianus,Great Horned Owl
Asio stygius,Stygian Owl
Crotophaga ani,Smooth-billed Ani
Crotophaga major,Greater Ani
Crotophaga sulcirostris,Groove-billed Ani
Coccyzus erythropthalmus,Black-billed Cuckoo
Coccyzus lansbergi,Grey-capped Cuckoo
Coccyzus melacoryphus,Dark-billed Cuckoo
Coccycua minuta,Little Cuckoo
Coccycua minuta gracilis,Little Cuckoo
Piaya cayana,Squirrel Cuckoo
Piaya cayana nigricrissa,Squirrel Cuckoo
Tapera naevia,Striped Cuckoo
Fulica ardesiaca,Andean Coot
Laterallus exilis,Grey-breasted Crake
Laterallus albigularis,White-throated Crake
Laterallus albigularis albigularis,White-throated Crake
Porzana carolina,Sora (Bird)
Rallus limicola,Virginia Rail
Porphyrio martinica,American Purple Gallinule
Gallinula galeata,Common Gallinule
Butorides striata,Striated Heron
Bubulcus ibis,Western Cattle Egret
Ardea ibis,Western Cattle Egret
Nycticorax nycticorax,Black-crowned Night Heron
Tigrisoma fasciatum,Fasciated Tiger Heron
Egretta thula,Snowy Egret
Egretta caerulea,Little Blue Heron
Ardea cocoi,Cocoi Heron
Ardea alba,Great Egret
Nyctanassa violacea,Yellow-crowned Night Heron
Nyctanassa violacea caliginis,Yellow-crowned Night Heron
Elanus leucurus,White-tailed Kite
Cryptoleucopteryx plumbea,Plumbeous Hawk
Morphnarchus princeps,Barred Hawk
Pseudastur occidentalis,Grey-backed Hawk
Parabuteo unicinctus,Harris'S Hawk
Rostrhamus sociabilis,Snail Kite
Elanoides forficatus,Swallow-tailed Kite
Elanoides forficatus yetapa,Swallow-tailed Kite
Buteo albigula,White-throated Hawk
Buteo platypterus,Broad-winged Hawk
Geranoaetus polyosoma,Variable Hawk
Buteo brachyurus,Short-tailed Hawk
Buteo brachyurus brachyurus,Short-tailed Hawk
Buteo nitidus,Gray-lined Hawk
Chondrohierax uncinatus,Hook-billed Kite
Buteogallus urubitinga,Great Black Hawk
Spizaetus tyrannus,Black Hawk-Eagle
Spizaetus ornatus,Ornate Hawk-Eagle
Spizaetus isidori,Black-and-chestnut Eagle
Spizaetus melanoleucus,Black-and-white Hawk-Eagle
Harpagus bidentatus,Double-toothed Kite
Harpagus bidentatus fasciatus,Double-toothed Kite
Gampsonyx swainsonii,Pearl Kite
Leptodon cayanensis,Gray-headed Kite
Leptodon cayanensis cayanensis,Gray-headed Kite
Ictinia plumbea,Plumbeous Kite
Rupornis magnirostris,Roadside Hawk
Rupornis magnirostris magnirostris,Roadside Hawk
Parabuteo leucorrhous,White-rumped Hawk
Microspizias superciliosus,Tiny Hawk
Microspizias collaris,Semicollared Hawk
Accipiter bicolor,Bicolored Hawk
Accipiter bicolor bicolor,Bicolored Hawk
Accipiter ventralis,Plain-breasted Hawk
Accipiter striatus,Sharp-shinned Hawk
Accipiter striatus ventralis,Sharp-shinned Hawk
Cathartes aura,Turkey Vulture
Coragyps atratus,Black Vulture
Pandion haliaetus,Osprey
Caracara plancus,Crested Caracara
Falco femoralis pichinchae,Aplomado Falcon
Falco rufigularis,Bat Falcon
Falco rufigularis petoensis,Bat Falcon
Falco peregrinus,Peregrine Falcon
Falco sparverius,American Kestrel
Falco columbarius,Merlin (Bird)
Herpetotheres cachinnans,Laughing Falcon
Micrastur ruficollis,Barred Forest Falcon
Micrastur ruficollis interstes,Barred Forest Falcon
Micrastur plumbeus,Plumbeous Forest Falcon
Micrastur semitorquatus,Collared Forest Falcon
Tachybaptus dominicus,Least Grebe
Podilymbus podiceps,Pied-billed Grebe
Tringa solitaria,Solitary Sandpiper
Tringa flavipes,Lesser Yellowlegs
Calidris minutilla,Least Sandpiper
Calidris bairdii,Baird'S Sandpiper
Actitis macularius,Spotted Sandpiper
Leucophaeus atricilla,Laughing Gull
Chroicocephalus serranus,Andean Gull
Vanellus chilensis,Southern Lapwing
Anhinga anhinga,Anhinga
Fregata magnificens,Magnificent Frigatebird
Nannopterum brasilianum,Neotropic Cormorant
Eurypyga helias,Sunbittern
Eurypyga helias major,Sunbittern
Nyctidromus albicollis,Pauraque
Nyctidromus albicollis albicollis,Pauraque
Uropsalis lyra,Lyre-tailed Nightjar
Uropsalis lyra lyra,Lyre-tailed Nightjar
Uropsalis segmentata,Swallow-tailed Nightjar
Lurocalis semitorquatus,Short-tailed Nighthawk
Lurocalis rufiventris,Rufous-bellied Nighthawk
Systellura longirostris,Band-winged Nightjar
Steatornis caripensis,Oilbird
Nyctibius griseus,Common Potoo
Nyctibius griseus panamensis,Common Potoo
